{
  "replace": false,
  "values": [
    "minecraft:sunflower_plains",
    "minecraft:flower_forest",
    "minecraft:forest",
    "minecraft:windswept_forest",
    "minecraft:flower_forest",
    "minecraft:birch_forest",
    "minecraft:dark_forest",
    "minecraft:old_growth_birch_forest",
    "minecraft:swamp",
    {
      "required": false,
      "id": "#c:flower_forests"
    },
    {
      "required": false,
      "id": "#c:floral"
    },
    {
      "required": false,
      "id": "#c:tree_deciduous"
    }
  ]
}
