{
  "replace": false,
  "values": [
    "minecraft:frozen_river",
    "minecraft:frozen_peaks",
    "minecraft:deep_frozen_ocean",
    "minecraft:ice_spikes",
    "minecraft:frozen_ocean",
    "minecraft:grove",
    "minecraft:jagged_peaks",
    "minecraft:taiga",
    "minecraft:snowy_taiga",
    "minecraft:old_growth_spruce_taiga",
    "minecraft:old_growth_pine_taiga",
    {
        "required": false,
        "id": "#c:icy"
    },
    {
        "required": false,
        "id": "#c:climate_cold"
    }
  ]
}
